Group: Technical Consulting ,,,Skills Model & Career Path,Skills Ranking ,Skills 360,Skills 360 User Guide,\,\
Career Path: DevOps,,,,,,Skills Insights App - Leader & Employee Guide,,,
,Grade,,Grade 4,Grade 5,Grade 6,Grade 7,Grade 8,Grade 9,Grade 11
,Associated Job Titles,,Associate DevOps Engineer,DevOps Engineer,Sr. DevOps Engineer,"DevOps Architect
","Sr. DevOps Architect
",Director - DevOps,"VP, Technical Consulting "
Job Profile,Role Summary,,Associate DevOps Engineers are skilled engineers who assist in delivery & deployments of Cloud-based features for Agile Salesforce projects.,DevOps engineers are tenured professionals with the skills necessary to produce improvements to the current procedure as well as build out deployment pipelines from the ground up following Salesforce best practices.,"A Senior DevOps Engineer is skilled in automating and streamlining deployments. They ensure smooth CI/CD pipelines using quality gates and manage development/configurations within version control. They are the direct liason between development and operations teams, manage the deployment lifecycles stability/scalability, and mentor/guide junior team members.","Advises, designs, and manages the deployment orchestration solutions and technologies. They work closely with Delivery Managers, Technical Architects, Solution Architects, and Account Teams. Additionally, they directly partner with clients to architect DevOps technology solutions to meet client needs. All solutions are in accordance with industry best practices to shape long-term/post-implementation customer success. The DevOps Architect is hands-on and performs architecture work. They may also perform deployments as needed.","Responsible for designing and implementing robust DevOps practices and solutions that enhance efficiency, reliability and scalability for larger enterprise customers with complex, multi-cloud and multi-workstream implementations.  Provides leadership to a team of other DevOps engineers and/or Architects.  Supports strategic DevOps planning including Long term goals and aligning DevOps initiatives with overall business goals and objectives. 
","Responsible for overseeing the DevOps practices and strategies within a large and complex organization.  Provides DevOps subject matter expertise across the organization.  Build and lead a team of DevOps architects, engineers, and specialists.  Provides pre-sales and scoping support outside of billable project activities.  Identifies, leads and oversees key DevOps initiatives from start to finish with minimal guidance and support.","Advises, designs, and manages the transformation of large-scale programs. They work closely with Delivery Managers, Solution Architects, and Account Teams. Additionally, they directly partner with clients to architect technology solutions to meet client needs. All solutions are in accordance with industry best practices to shape long-term/post-implementation customer success. Leads internal efforts aligned to the organization's strategic roadmap. "
,Key Experiences,,"- Assists in maintaining deployment pipeline and version control system
- Participates in design, development, and implementation of DevOps strategy
- Assists in identifying, troubleshooting, and resolving deployment errors
- Assists in deploying custom code upstream
- Contributes to DevOps documentation and development team user guides
- Assists in completing manual steps in sandbox refreshes
- Knowledge and experience in 1+ CI/CD tool","- Contributes to maintaining deployment pipeline and version control system.
- Contributes to design, development, and implementation of DevOps strategy.
- Identifies, troubleshoots, and resolves deployment errors and merges conflicts with little oversight.
- Works closely with the development team to deploy custom code upstream.
- Contributes to proof of concepts as needed to improve deployment pipeline and sandbox refreshes.
- Maintains DevOps documentation and development team user guides.
- Contributes to release, sandbox refresh, and roll back strategies.
- Assists in completing manual steps in sandbox refreshes.
- Knowledge and multiple years of experience in 1+ CI/CD tools and 1+ Salesforce-specific DevOps tool.
- Contributes to internal initiatives.","- Generates documentation outlining DevOps processes and practices for the project duration.
- Leads internal initiatives and/or lead a team of DevOps engineers.
- Successful Communication (externally with the customer to some degree with demonstrated ability to take technical concepts and explain them to non-technical audiences). This may include being involved in demos for customers.
- Contributes to maintaining deployment pipeline and version control system.
- Designs, develops, and implements DevOps strategy with little oversight.
- Identifies, troubleshoots, and resolves deployment errors independently.
- Leads deployments of custom code upstream with little oversight.
- Develops proof of concept as needed to improve deployment pipeline and sandbox refreshes with little oversight.
- Develop release, sandbox refresh, and rollback strategies.
- Assists in completing manual steps in sandbox refreshes.
- Generates DevOps documentation and development team user guides with little oversight.
- Deep knowledge and multiple years of experience in 2+ CI/CD tools and 2+ Salesforce-specific DevOps tools.","- Analyzes customer's existing DevOps processes and practices.
- Leads presentations/demos internally and with customers along with the ability to explain why certain design approaches were used.
- May lead internal Junior and Senior DevOps engineers.
- Oversees maintenance of the deployment pipeline and version control system.
- Leads the design, development, and implementation of the DevOps strategy.
- Independently leads deployments of custom code upstream.
- Leads and oversees proof of concepts as needed to improve the deployment pipeline and sandbox refreshes.
- Leads and oversees the development of release and sandbox refresh strategies.
- Independently generates DevOps documentation and development team user guides.
- Independently leads internal initiatives.
- Deep knowledge and multiple years of experience in 3+ CI/CD tools and 3+ Salesforce-specific DevOps tools.
- Communicates courageously to inspire and drive teaming.
- Support Internal delivery teams to estimate the resource planning and hrs required for the engagement.
- Work with customers to help them decide the best suited DevOps tools to meet their pipeline requirements.
- Proper Knowledge transfer planning to help customers to work on their own after the handover.
","- Designs and implements advanced CI/CD pipelines to automate software delivery, testing, and deployment processes.
- Assesses potential risks to the DevOps pipeline and develop strategies to mitigate them.
- Provides guidance and mentorship to other DevOps engineers.
- Familiarity with project management methodologies (Agile, Scrum, etc.) and experience in leading or contributing to projects from conception.
- In addition to managing and scaling existing CI/CD pipelines, expertise in optimizing overall system/application performance (e.g., faster build times due to clean code/lightweight repository).
- Plays a role in defining and enforcing policies and best practices within the DevOps environment.
- Support Internal delivery teams to estimate the resource planning and hrs required for the engagement.
- Work with customers to help them decide the best suited DevOps tools to meet their pipeline requirements.
- Proper Knowledge transfer planning to help customers to work on their own after the handover.

","- Engages with clients, partners, and stakeholders to ensure the successful implementation of DevOps framework ecosystem.
- Supports Pre-Sales activities involving DevOps implementation.
- Works on large-scale projects with cross-functional internal teams.
- Highly knowledgeable about various integrations.
- Support Internal delivery teams to estimate the resource planning and hrs required for the engagement.
-Work with customers to help them decide the best suited DevOps tools to meet their pipeline requirements.
-Proper Knowledge transfer planning to help customers to work on their own after the handover.
","- Lead stakeholder engagement​ for Tier 1 customers
- Advise C-level executives on strategic vision and provide thought leadership
- Work collaboratively and have very strong communication skills, especially in articulating complex concepts to all audience levels
- Act as a mentor or coach to internal team members and technical leaders
- Identify and lead strategic initiatives to grow the consulting practice; serving as an active contributor to the overall knowledge base and expertise of the community
- Provide technical expertise in pre-sales efforts"
,Career Movements,,"Vertical
DevOps Engineer (Grade 5)

Lateral
Within Professional Services
Technical Consulting: Associate Quality Engineer, Associate Technical Consultant
Solution Consulting: Associate Solution Consultant

Outside Professional Services
Technical Core
Product","Vertical
Sr. DevOps Engineer (Grade 6)

Lateral
Within Professional Services
Technical Consulting: Quality Engineer, Technical Consultant
Solution Consulting: Solution Consultant

Outside Professional Services
Technical Core
Product","Vertical
DevOps Architect (Grade 7)
Delivery Manager - DevOps (Grade 7)

Lateral
Within Professional Services
Technical Consulting: Sr. Quality Engineer, Sr. Technical Consultant
Solution Consulting: Sr. Solution Consultant

Outside Professional Services
Technical Core
Product","Vertical
Sr. DevOps Architect (Grade 8)

Lateral
Within Professional Services
DevOps: Delivery Manager - DevOps (Grade 7)

Outside Professional Services
Technical Core
Product","Vertical
Director, Delivery - DevOps
Director, Professional Services

Lateral
Within Professional Services
DevOps: Delivery Sr. Manager - DevOps (Grade 8)

Outside Professional Services
Technical Core
Product","Vertical
Senior Director, Professional Services

Lateral
Within Professional Services
DevOps: Delivery Director - DevOps (Grade 9)

Outside Professional Services
Technical Core
Product",
,Certification Expectations,,Technical Expected Certifications,,,,,,
Skills ,,,,,,,,,
Transferable Skills,,,Transferable Skills,,,,,,
Transferable Skills,Build Trust & Authenticity,Gaining others' confidence by acting with integrity and following through on commitments while disclosing own positions; treating others and their ideas with respect and supporting them in the face of challenges.,1,2,3,3,4,4,5
,Communicate Effectively,Clearly and succinctly conveying information and ideas to individuals and groups in a variety of situations; communicating in a focused and compelling way that drives others' thoughts and actions.,1,2,3,4,4,4,5
,Leadership Presence,"Demonstrates demeanor and actions that leave the impression on others that you are a true leader, who is worthy to be respected and trusted.",1,2,3,4,4,4,5
,Learning Mindset,"Demonstrates a commitment to professional and personal development, driven by curiosity, self-motivation and a desire for growth.",1,2,3,3,3,4,5
,Display Emotional Intelligence,"Ability to recognize and understand emotions in oneself and others and use that understanding to make decisions, solve problems, and communicate with others; demonstrate empathy in interpersonal relationships.",1,2,3,3,3,4,5
,Engage in Courageous Conversations,"Communicates (writes, presents, and speaks) and listens in a transparent way, driving trust and inspiration throughout the organization.",1,2,3,3,4,4,5
,Manage Ambiguity,Encouraging others to implement better approaches to address problems and opportunities; leading the implementation and acceptance of change within the workplace.,1,2,3,3,4,4,5
,Solve Problems Creatively,Gather and analyze information and design comprehensive solutions that are flexible and adaptable to the client's needs. Includes determining relevant technical and business requirements specific to the customer.,1,2,3,3,4,4,5
Group Specific Skills,,,Group Specific Skills,,,,,,
Group-Specific Skills,Provide Domain Expertise,Ability to provide relevant knowledge and demonstrate practical application in your particular area of expertise.,1,1,2,3,4,4,
,Apply Strategic Mindset,"Creating and applying new insights based on an assessment of a customer's business, industry, and competitors to achieve success, leveraging artificial intelligence to enhance the depth and scope of this analysis and insight generation.",1,2,3,3,3,4,
,Deliver Compelling Stories,"Ability to create, share or support a compelling picture, which combines experiences, customer examples and clear outcomes that reinforce the future state which moves people toward a common outcome or goal.",1,1,2,3,3,4,
,Drive Results,Displays a strong commitment to making performance improvements and a determination to achieve positive outcomes and results.,1,2,3,3,4,4,
,Demonstrate Technical Governance,"Understands and applies practices and processes that ensure technical decisions and implementations align with the organization's business strategy, goals, regulatory requirements, and ethical considerations. ",1,1,2,3,4,4,
,Build and Deploy Technical Capabilities ,Demonstrates ability to successfully complete the end-to-end process of taking a technical concept from proof of concept/technology to design and development of a fully functional and operational solution that delivers tangible value.  ,1,2,3,3,4,4,
,Collaborate to Drive Success ,"Working cooperatively with others to help a team, work group, or customer achieve its goals. Leverages others' strengths and contributions to realize the best outcome.",1,2,3,4,4,4,
,Iterative Development ,"Drives the delivery of value-driven solutions through the application of iterative SDLC, Agile, and Salesforce Delivery Methodology principles.",1,2,3,4,4,4,
,*Agentforce,"Demonstrates ability to guide customers on AgentForce out of the box and custom features and capabilities including designing topics, instructions, guardrails and actions in order to optimize their implementations",1,2,3,3,3,3,
Path Specific Skills,,,Path Specific Skills,,,,,,
Path-Specific Skills,Technical Strategy - DevOps,"Defines the overall DevOps plan and strategy which consists of objectives, principles and tactics relating to use of deployment orchestration technologies within a particular organization.",1,2,3,4,5,5,5
,Design and Deliver Presentations,"Develop and delivery relevant and concise presentations, oral and written, for internal and external audiences.",1,2,3,4,4,4,4
,"
DevOps Assessment","Evaluates and measures an organization's maturity in adopting and implementing DevOps practices, reviews existing DevOps implementations, CI/CD pipelines, Build & Deployment orchestration, DevOps processes, and efficiency and effectiveness to achieve customer business goals. Provides recommendations on areas for improvement.",1,2,3,4,5,5,5
,Executive Presence,Ability to build credibility and can tailor communication to the role.,1,1,2,3,4,4,4
,Release Management,"Experience in the process of planning, scheduling, and testing configuration and code and deploying these to the appropriate instances.",1,2,3,4,4,4,3
,Take Accountability,"Ensuring self and others contribute to organization strategies by focusing on the most critical priorities, measuring progress, and ensuring accountability against those metrics.",1,2,3,4,4,5,3
,Security Governance - DevSecOps,"Advises customers on security governance related to the deployment pipeline including the development, institutionalization, static code analysis, assessment and improvement of risk management and security policies focused on DevOps.",1,2,2,3,4,4,
,Version Control System,Demonstrates working knowledge and experience to setup and maintain a version control repository including design branch structure.,1,2,3,4,5,5,
,Environment/Sandbox Management,"Effectively creates, maintains, and uses sandbox environments within the Salesforce platform inline with industry trends, emerging technologies, and best practices in DevOps and automation. Includes back promotions as well as rollback strategy.",1,2,3,4,4,4,
,CI/CD frameworks & tools," Demonstrates working knowledge and experience with CI/CD frameworks (pipeline design, definition, etc.), build servers, pipeline scripting languages and Salesforce specific commercial release tools.",1,2,3,4,4,5,
,Integrating Quality Engineering Framework,Demonstrates working knowledge and experience in integrating various test frameworks into the DevOps pipeline.,1,2,3,3,4,4,
,Observability - frameworks & tools,"Working experience with Observability frameworks including metrics, logs and traces identification, design, extraction and visualization
Working experience with Monitoring and Logging tools such as: Splunk, ELK, DataDog, NewRelic, etc",1,1,2,3,3,4,
,Containerization frameworks & tools,"Working experience with containerization frameworks and tools such as: kubernetes and docker",1,1,2,3,3,4,
,DevOps,"Expertise in setting up DevOps to deliver solutions using agile methods, collaboration and automation.",1,2,3,4,5,5,
